{
  "bleu": 0.08329630736447691,
  "precisions": [
    0.09149338374291115,
    0.08405906853464597,
    0.08039438756162305,
    0.07785795670338018
  ],
  "brevity_penalty": 1.0,
  "length_ratio": 9.412811387900355,
  "translation_length": 2645,
  "reference_length": 281
}