{
  "bleu": 1.0066562596232142e-14,
  "precisions": [
    0.1578586135895676,
    0.05639614855570839,
    0.05444521019986216,
    0.052486187845303865
  ],
  "brevity_penalty": 1.4174266324151598e-13,
  "length_ratio": 0.03269601902966653,
  "translation_length": 1457,
  "reference_length": 44562
}