{
  "bleu": 0.1213982907813907,
  "precisions": [
    0.14736842105263157,
    0.12141779788838612,
    0.11346444780635401,
    0.10698027314112292
  ],
  "brevity_penalty": 1.0,
  "length_ratio": 4.733096085409253,
  "translation_length": 1330,
  "reference_length": 281
}
